{
    "optimizer": "RMSprop",
    "test_accuracy": 0.8863000273704529,
    "test_loss": 0.882246196269989,
    "precision": 0.8863833467098209,
    "recall": 0.8863,
    "f1_score": 0.885217895332792
}