{
    "optimizer": "SGD",
    "test_accuracy": 0.8575999736785889,
    "test_loss": 0.9718813300132751,
    "precision": 0.8593014217676792,
    "recall": 0.8576,
    "f1_score": 0.8568616382661383
}