{
    "optimizer": "SGD",
    "test_accuracy": 0.8551999926567078,
    "test_loss": 0.9820908308029175,
    "precision": 0.8565220662808694,
    "recall": 0.8552,
    "f1_score": 0.8545339989540356
}