{
    "optimizer": "Nadam",
    "test_accuracy": 0.8870999813079834,
    "test_loss": 0.9078763723373413,
    "precision": 0.8882611424748585,
    "recall": 0.8871,
    "f1_score": 0.886396027390323
}