{
    "optimizer": "RMSprop",
    "test_accuracy": 0.8831999897956848,
    "test_loss": 0.8870996832847595,
    "precision": 0.8835488183680598,
    "recall": 0.8831999999999999,
    "f1_score": 0.8819598293748199
}