{
    "optimizer": "Nadam",
    "test_accuracy": 0.8849999904632568,
    "test_loss": 0.9341747760772705,
    "precision": 0.8849501464018823,
    "recall": 0.885,
    "f1_score": 0.883916203956554
}