{
    "optimizer": "Adam",
    "test_accuracy": 0.8794000148773193,
    "test_loss": 0.919216513633728,
    "precision": 0.8802216716725655,
    "recall": 0.8794000000000001,
    "f1_score": 0.8783709147796088
}