{
    "optimizer": "Adam",
    "test_accuracy": 0.8849999904632568,
    "test_loss": 0.9254528284072876,
    "precision": 0.8871958391732768,
    "recall": 0.885,
    "f1_score": 0.8838484452954172
}